address;source_location;insn;indent
0x13e2;/home/mac/rendu_AOC/rendu_TP1/driver_opti.c:42;CALL	10c0 <rand@plt>;
0x13e7;/home/mac/rendu_AOC/rendu_TP1/driver_opti.c:42;VXORPD	%XMM4,%XMM4,%XMM4;
0x13eb;/home/mac/rendu_AOC/rendu_TP1/driver_opti.c:41;ADD	$0x40,%RBX;
0x13ef;/home/mac/rendu_AOC/rendu_TP1/driver_opti.c:42;VCVTSI2SD	%EAX,%XMM4,%XMM5;
0x13f3;/home/mac/rendu_AOC/rendu_TP1/driver_opti.c:42;VMULSD	0x1dcd(%RIP),%XMM5,%XMM8;
0x13fb;/home/mac/rendu_AOC/rendu_TP1/driver_opti.c:42;VMOVSD	%XMM8,-0x40(%RBX);
0x1400;/home/mac/rendu_AOC/rendu_TP1/driver_opti.c:42;CALL	10c0 <rand@plt>;
0x1405;/home/mac/rendu_AOC/rendu_TP1/driver_opti.c:42;VXORPD	%XMM9,%XMM9,%XMM9;
0x140a;/home/mac/rendu_AOC/rendu_TP1/driver_opti.c:42;VCVTSI2SD	%EAX,%XMM9,%XMM10;
0x140e;/home/mac/rendu_AOC/rendu_TP1/driver_opti.c:42;VMULSD	0x1db2(%RIP),%XMM10,%XMM11;
0x1416;/home/mac/rendu_AOC/rendu_TP1/driver_opti.c:42;VMOVSD	%XMM11,-0x38(%RBX);
0x141b;/home/mac/rendu_AOC/rendu_TP1/driver_opti.c:42;CALL	10c0 <rand@plt>;
0x1420;/home/mac/rendu_AOC/rendu_TP1/driver_opti.c:42;VXORPD	%XMM12,%XMM12,%XMM12;
0x1425;/home/mac/rendu_AOC/rendu_TP1/driver_opti.c:42;VCVTSI2SD	%EAX,%XMM12,%XMM13;
0x1429;/home/mac/rendu_AOC/rendu_TP1/driver_opti.c:42;VMULSD	0x1d97(%RIP),%XMM13,%XMM14;
0x1431;/home/mac/rendu_AOC/rendu_TP1/driver_opti.c:42;VMOVSD	%XMM14,-0x30(%RBX);
0x1436;/home/mac/rendu_AOC/rendu_TP1/driver_opti.c:42;CALL	10c0 <rand@plt>;
0x143b;/home/mac/rendu_AOC/rendu_TP1/driver_opti.c:42;VXORPD	%XMM15,%XMM15,%XMM15;
0x1440;/home/mac/rendu_AOC/rendu_TP1/driver_opti.c:42;VCVTSI2SD	%EAX,%XMM15,%XMM7;
0x1444;/home/mac/rendu_AOC/rendu_TP1/driver_opti.c:42;VMULSD	0x1d7c(%RIP),%XMM7,%XMM6;
0x144c;/home/mac/rendu_AOC/rendu_TP1/driver_opti.c:42;VMOVSD	%XMM6,-0x28(%RBX);
0x1451;/home/mac/rendu_AOC/rendu_TP1/driver_opti.c:42;CALL	10c0 <rand@plt>;
0x1456;/home/mac/rendu_AOC/rendu_TP1/driver_opti.c:42;VXORPD	%XMM0,%XMM0,%XMM0;
0x145a;/home/mac/rendu_AOC/rendu_TP1/driver_opti.c:42;VCVTSI2SD	%EAX,%XMM0,%XMM1;
0x145e;/home/mac/rendu_AOC/rendu_TP1/driver_opti.c:42;VMULSD	0x1d62(%RIP),%XMM1,%XMM2;
0x1466;/home/mac/rendu_AOC/rendu_TP1/driver_opti.c:42;VMOVSD	%XMM2,-0x20(%RBX);
0x146b;/home/mac/rendu_AOC/rendu_TP1/driver_opti.c:42;CALL	10c0 <rand@plt>;
0x1470;/home/mac/rendu_AOC/rendu_TP1/driver_opti.c:42;VXORPD	%XMM3,%XMM3,%XMM3;
0x1474;/home/mac/rendu_AOC/rendu_TP1/driver_opti.c:42;VCVTSI2SD	%EAX,%XMM3,%XMM4;
0x1478;/home/mac/rendu_AOC/rendu_TP1/driver_opti.c:42;VMULSD	0x1d48(%RIP),%XMM4,%XMM5;
0x1480;/home/mac/rendu_AOC/rendu_TP1/driver_opti.c:42;VMOVSD	%XMM5,-0x18(%RBX);
0x1485;/home/mac/rendu_AOC/rendu_TP1/driver_opti.c:42;CALL	10c0 <rand@plt>;
0x148a;/home/mac/rendu_AOC/rendu_TP1/driver_opti.c:42;VXORPD	%XMM8,%XMM8,%XMM8;
0x148f;/home/mac/rendu_AOC/rendu_TP1/driver_opti.c:42;VCVTSI2SD	%EAX,%XMM8,%XMM9;
0x1493;/home/mac/rendu_AOC/rendu_TP1/driver_opti.c:42;VMULSD	0x1d2d(%RIP),%XMM9,%XMM10;
0x149b;/home/mac/rendu_AOC/rendu_TP1/driver_opti.c:42;VMOVSD	%XMM10,-0x10(%RBX);
0x14a0;/home/mac/rendu_AOC/rendu_TP1/driver_opti.c:42;CALL	10c0 <rand@plt>;
0x14a5;/home/mac/rendu_AOC/rendu_TP1/driver_opti.c:42;VXORPD	%XMM11,%XMM11,%XMM11;
0x14aa;/home/mac/rendu_AOC/rendu_TP1/driver_opti.c:42;VCVTSI2SD	%EAX,%XMM11,%XMM12;
0x14ae;/home/mac/rendu_AOC/rendu_TP1/driver_opti.c:42;VMULSD	0x1d12(%RIP),%XMM12,%XMM13;
0x14b6;/home/mac/rendu_AOC/rendu_TP1/driver_opti.c:41;MOV	-0x170(%RBP),%R9;
0x14bd;/home/mac/rendu_AOC/rendu_TP1/driver_opti.c:42;VMOVSD	%XMM13,-0x8(%RBX);
0x14c2;/home/mac/rendu_AOC/rendu_TP1/driver_opti.c:41;CMP	%R9,%RBX;
0x14c5;/home/mac/rendu_AOC/rendu_TP1/driver_opti.c:41;JNE	13e2 <main+0x312>;
